Ano,Grupo,Quadrilha,Etapa,TotalEtapa
2022,GRUPO DE ACESSO,ELITE DO CERRADO,1ª ETAPA,180.0
2022,GRUPO DE ACESSO,EITA BAGACEIRA,1ª ETAPA,179.60000000000002
2022,GRUPO DE ACESSO,PINGA EM MIM,1ª ETAPA,179.2
2022,GRUPO DE ACESSO,CHINELO DE COURO,1ª ETAPA,178.8
2022,GRUPO DE ACESSO,COISAS DA ROÇA,1ª ETAPA,176.6
2022,GRUPO DE ACESSO,AQUARELA NORDESTINA,1ª ETAPA,179.10000000000002
2022,GRUPO DE ACESSO,MATINGUEIROS DO SERTÃO,1ª ETAPA,176.9
2022,GRUPO DE ACESSO,OS CABOCLOS DO SERTÃO,1ª ETAPA,171.3
2022,GRUPO DE ACESSO,SACA ROLHA,1ª ETAPA,167.89999999999998
2022,GRUPO DE ACESSO,MALA VÉIA,1ª ETAPA,170.20000000000005
2022,GRUPO DE ACESSO,ESPALHA BRASA,1ª ETAPA,172.89999999999998
2022,GRUPO DE ACESSO,FLOR DO MAMULENGO,1ª ETAPA,165.5
2022,GRUPO DE ACESSO,TRISCOU QUEIMOU,1ª ETAPA,166.5
2022,GRUPO DE ACESSO,CAIPIRAS DE FÉ,1ª ETAPA,-0.5
2022,GRUPO DE ACESSO,ELITE DO CERRADO,2ª ETAPA,179.0
2022,GRUPO DE ACESSO,EITA BAGACEIRA,2ª ETAPA,178.4
2022,GRUPO DE ACESSO,PINGA EM MIM,2ª ETAPA,176.7
2022,GRUPO DE ACESSO,CHINELO DE COURO,2ª ETAPA,175.7
2022,GRUPO DE ACESSO,COISAS DA ROÇA,2ª ETAPA,175.89999999999998
2022,GRUPO DE ACESSO,AQUARELA NORDESTINA,2ª ETAPA,177.5
2022,GRUPO DE ACESSO,MATINGUEIROS DO SERTÃO,2ª ETAPA,173.6
2022,GRUPO DE ACESSO,OS CABOCLOS DO SERTÃO,2ª ETAPA,175.6
2022,GRUPO DE ACESSO,SACA ROLHA,2ª ETAPA,175.5
2022,GRUPO DE ACESSO,MALA VÉIA,2ª ETAPA,173.7
2022,GRUPO DE ACESSO,ESPALHA BRASA,2ª ETAPA,171.2
2022,GRUPO DE ACESSO,FLOR DO MAMULENGO,2ª ETAPA,172.3
2022,GRUPO DE ACESSO,ELITE DO CERRADO,3ª ETAPA,179.6
2022,GRUPO DE ACESSO,EITA BAGACEIRA,3ª ETAPA,176.8
2022,GRUPO DE ACESSO,PINGA EM MIM,3ª ETAPA,178.3
2022,GRUPO DE ACESSO,CHINELO DE COURO,3ª ETAPA,178.9
2022,GRUPO DE ACESSO,COISAS DA ROÇA,3ª ETAPA,178.3
2022,GRUPO DE ACESSO,AQUARELA NORDESTINA,3ª ETAPA,173.7
2022,GRUPO DE ACESSO,MATINGUEIROS DO SERTÃO,3ª ETAPA,173.4
2022,GRUPO DE ACESSO,OS CABOCLOS DO SERTÃO,3ª ETAPA,177.1
2022,GRUPO DE ACESSO,SACA ROLHA,3ª ETAPA,174.8
2022,GRUPO DE ACESSO,MALA VÉIA,3ª ETAPA,170.2
2022,GRUPO DE ACESSO,ESPALHA BRASA,3ª ETAPA,166.1
2022,GRUPO DE ACESSO,FLOR DO MAMULENGO,3ª ETAPA,165.5
2022,GRUPO DE ACESSO,TRISCOU QUEIMOU,3ª ETAPA,170.5
2022,GRUPO DE ACESSO,ELITE DO CERRADO,4ª ETAPA,179.6
2022,GRUPO DE ACESSO,EITA BAGACEIRA,4ª ETAPA,179.6
2022,GRUPO DE ACESSO,PINGA EM MIM,4ª ETAPA,178.4
2022,GRUPO DE ACESSO,CHINELO DE COURO,4ª ETAPA,178.6
2022,GRUPO DE ACESSO,COISAS DA ROÇA,4ª ETAPA,179.4
2022,GRUPO DE ACESSO,AQUARELA NORDESTINA,4ª ETAPA,179.1
2022,GRUPO DE ACESSO,MATINGUEIROS DO SERTÃO,4ª ETAPA,178.2
2022,GRUPO DE ACESSO,OS CABOCLOS DO SERTÃO,4ª ETAPA,175.2
2022,GRUPO DE ACESSO,SACA ROLHA,4ª ETAPA,177.7
2022,GRUPO DE ACESSO,MALA VÉIA,4ª ETAPA,178.4
2022,GRUPO DE ACESSO,ESPALHA BRASA,4ª ETAPA,176.4
2022,GRUPO DE ACESSO,FLOR DO MAMULENGO,4ª ETAPA,175.3
2022,GRUPO DE ACESSO,TRISCOU QUEIMOU,4ª ETAPA,176.5
2023,GRUPO DE ACESSO,MALA VÉIA,1ª ETAPA,298.4
2023,GRUPO DE ACESSO,CAIPIRADA,1ª ETAPA,297.5
2023,GRUPO DE ACESSO,XIQUE XIQUE,1ª ETAPA,294.1
2023,GRUPO DE ACESSO,FORNALHA,1ª ETAPA,296.0
2023,GRUPO DE ACESSO,VAI MAS NÃO VAI,1ª ETAPA,288.0
2023,GRUPO DE ACESSO,TICO TICO NO FUBÁ,1ª ETAPA,295.8
2023,GRUPO DE ACESSO,OXENTE VIXE,1ª ETAPA,292.3
2023,GRUPO DE ACESSO,MALA VÉIA,2ª ETAPA,298.1
2023,GRUPO DE ACESSO,CAIPIRADA,2ª ETAPA,297.9
2023,GRUPO DE ACESSO,XIQUE XIQUE,2ª ETAPA,295.4
2023,GRUPO DE ACESSO,FORNALHA,2ª ETAPA,292.8
2023,GRUPO DE ACESSO,VAI MAS NÃO VAI,2ª ETAPA,293.4
2023,GRUPO DE ACESSO,TICO TICO NO FUBÁ,2ª ETAPA,295.8
2023,GRUPO DE ACESSO,MALA VÉIA,3ª ETAPA,298.6
2023,GRUPO DE ACESSO,CAIPIRADA,3ª ETAPA,297.4
2023,GRUPO DE ACESSO,XIQUE XIQUE,3ª ETAPA,297.5
2023,GRUPO DE ACESSO,FORNALHA,3ª ETAPA,296.9
2023,GRUPO DE ACESSO,VAI MAS NÃO VAI,3ª ETAPA,293.2
2024,GRUPO DE ACESSO,VAI MAS NÃO VAI,1ª ETAPA,293.8
2024,GRUPO DE ACESSO,TICO TICO NO FUBÁ,1ª ETAPA,286.7
2024,GRUPO DE ACESSO,ESPALHA BRASA,1ª ETAPA,287.1
2024,GRUPO DE ACESSO,OS CABOCLOS DO SERTÃO,1ª ETAPA,286.9
2024,GRUPO DE ACESSO,MATINGUEIROS DO SERTÃO,1ª ETAPA,288.9
2024,GRUPO DE ACESSO,CHINELO DE COURO,1ª ETAPA,297.6
2024,GRUPO DE ACESSO,BAMBOLEÁ,1ª ETAPA,282.0
2024,GRUPO DE ACESSO,VAI MAS NÃO VAI,2ª ETAPA,297.9
2024,GRUPO DE ACESSO,TICO TICO NO FUBÁ,2ª ETAPA,294.7
2024,GRUPO DE ACESSO,ESPALHA BRASA,2ª ETAPA,295.7
2024,GRUPO DE ACESSO,OS CABOCLOS DO SERTÃO,2ª ETAPA,295.0
2024,GRUPO DE ACESSO,MATINGUEIROS DO SERTÃO,2ª ETAPA,293.6
2024,GRUPO DE ACESSO,CHINELO DE COURO,2ª ETAPA,296.0
2024,GRUPO DE ACESSO,VAI MAS NÃO VAI,3ª ETAPA,296.8
2024,GRUPO DE ACESSO,TICO TICO NO FUBÁ,3ª ETAPA,298.9
2024,GRUPO DE ACESSO,ESPALHA BRASA,3ª ETAPA,295.8
2024,GRUPO DE ACESSO,OS CABOCLOS DO SERTÃO,3ª ETAPA,294.4
2024,GRUPO DE ACESSO,MATINGUEIROS DO SERTÃO,3ª ETAPA,289.4
2024,GRUPO DE ACESSO,CHINELO DE COURO,3ª ETAPA,291.7
2024,GRUPO DE ACESSO,BAMBOLEÁ,3ª ETAPA,294.1
2024,GRUPO DE ACESSO,VAI MAS NÃO VAI,4ª ETAPA,296.7
2024,GRUPO DE ACESSO,TICO TICO NO FUBÁ,4ª ETAPA,297.7
2024,GRUPO DE ACESSO,ESPALHA BRASA,4ª ETAPA,294.5
2024,GRUPO DE ACESSO,OS CABOCLOS DO SERTÃO,4ª ETAPA,296.5
2024,GRUPO DE ACESSO,MATINGUEIROS DO SERTÃO,4ª ETAPA,295.0
2024,GRUPO DE ACESSO,BAMBOLEÁ,4ª ETAPA,288.9
2025,GRUPO DE ACESSO,JUNINA MATULÃO,1ª ETAPA,179.3
2025,GRUPO DE ACESSO,CHINELO DE COURO,1ª ETAPA,178.5
2025,GRUPO DE ACESSO,XIQUE XIQUE,1ª ETAPA,178.1
2025,GRUPO DE ACESSO,OS CABOCLOS DO SERTÃO,1ª ETAPA,178.6
2025,GRUPO DE ACESSO,FORNALHA,1ª ETAPA,177.1
2025,GRUPO DE ACESSO,MATINGUEIROS DO SERTÃO,1ª ETAPA,176.2
2025,GRUPO DE ACESSO,XÉM NHEM NHÉM,1ª ETAPA,176.9
2025,GRUPO DE ACESSO,SOL DE MARIA,1ª ETAPA,176.9
2025,GRUPO DE ACESSO,TENGO LENGO,1ª ETAPA,175.4
2025,GRUPO DE ACESSO,FURACÃO,1ª ETAPA,172.5
2025,GRUPO DE ACESSO,JUNINA MATULÃO,2ª ETAPA,178.8
2025,GRUPO DE ACESSO,CHINELO DE COURO,2ª ETAPA,179.5
2025,GRUPO DE ACESSO,XIQUE XIQUE,2ª ETAPA,177.7
2025,GRUPO DE ACESSO,OS CABOCLOS DO SERTÃO,2ª ETAPA,178.7
2025,GRUPO DE ACESSO,FORNALHA,2ª ETAPA,177.4
2025,GRUPO DE ACESSO,MATINGUEIROS DO SERTÃO,2ª ETAPA,178.4
2025,GRUPO DE ACESSO,XÉM NHEM NHÉM,2ª ETAPA,177.9
2025,GRUPO DE ACESSO,SOL DE MARIA,2ª ETAPA,177.4
2025,GRUPO DE ACESSO,TENGO LENGO,2ª ETAPA,176.6
2025,GRUPO DE ACESSO,JUNINA MATULÃO,3ª ETAPA,179.5
2025,GRUPO DE ACESSO,CHINELO DE COURO,3ª ETAPA,177.6
2025,GRUPO DE ACESSO,XIQUE XIQUE,3ª ETAPA,179.6
2025,GRUPO DE ACESSO,OS CABOCLOS DO SERTÃO,3ª ETAPA,176.5
2025,GRUPO DE ACESSO,FORNALHA,3ª ETAPA,177.4
2025,GRUPO DE ACESSO,MATINGUEIROS DO SERTÃO,3ª ETAPA,177.2
2025,GRUPO DE ACESSO,XÉM NHEM NHÉM,3ª ETAPA,176.2
2025,GRUPO DE ACESSO,SOL DE MARIA,3ª ETAPA,174.6
2025,GRUPO DE ACESSO,TENGO LENGO,3ª ETAPA,174.7
2025,GRUPO DE ACESSO,FURACÃO,3ª ETAPA,172.9
2022,GRUPO ESPECIAL,SI BOBIÁ A GENTE PIMBA,1ª ETAPA,179.5
2022,GRUPO ESPECIAL,FORMIGA DA ROÇA,1ª ETAPA,179.4
2022,GRUPO ESPECIAL,PAIXÃO CANGAÇO,1ª ETAPA,178.5
2022,GRUPO ESPECIAL,ARROXA O NÓ,1ª ETAPA,178.4
2022,GRUPO ESPECIAL,SABUGO DE MILHO,1ª ETAPA,177.20000000000002
2022,GRUPO ESPECIAL,RASGA O FOLE,1ª ETAPA,177.1
2022,GRUPO ESPECIAL,RIBULIÇO,1ª ETAPA,177.20000000000002
2022,GRUPO ESPECIAL,ARRAIÁ DOS MATUTOS,1ª ETAPA,176.3
2022,GRUPO ESPECIAL,AMOR JUNINO,1ª ETAPA,173.8
2022,GRUPO ESPECIAL,SANFONA LASCADA,1ª ETAPA,173.9
2022,GRUPO ESPECIAL,XAMEGAR,1ª ETAPA,172.20000000000002
2022,GRUPO ESPECIAL,XÉM NHEM NHÉM,1ª ETAPA,175.8
2022,GRUPO ESPECIAL,PULA FOGUEIRA,1ª ETAPA,172.9
2022,GRUPO ESPECIAL,XIQUE XIQUE,1ª ETAPA,176.0
2022,GRUPO ESPECIAL,SI BOBIÁ A GENTE PIMBA,2ª ETAPA,179.9
2022,GRUPO ESPECIAL,FORMIGA DA ROÇA,2ª ETAPA,179.9
2022,GRUPO ESPECIAL,PAIXÃO CANGAÇO,2ª ETAPA,178.8
2022,GRUPO ESPECIAL,ARROXA O NÓ,2ª ETAPA,179.8
2022,GRUPO ESPECIAL,SABUGO DE MILHO,2ª ETAPA,178.6
2022,GRUPO ESPECIAL,RASGA O FOLE,2ª ETAPA,178.79999999999998
2022,GRUPO ESPECIAL,RIBULIÇO,2ª ETAPA,178.0
2022,GRUPO ESPECIAL,ARRAIÁ DOS MATUTOS,2ª ETAPA,177.4
2022,GRUPO ESPECIAL,AMOR JUNINO,2ª ETAPA,177.7
2022,GRUPO ESPECIAL,SANFONA LASCADA,2ª ETAPA,177.4
2022,GRUPO ESPECIAL,XAMEGAR,2ª ETAPA,177.8
2022,GRUPO ESPECIAL,XÉM NHEM NHÉM,2ª ETAPA,175.3
2022,GRUPO ESPECIAL,PULA FOGUEIRA,2ª ETAPA,170.5
2022,GRUPO ESPECIAL,XIQUE XIQUE,2ª ETAPA,174.6
2022,GRUPO ESPECIAL,SI BOBIÁ A GENTE PIMBA,3ª ETAPA,179.9
2022,GRUPO ESPECIAL,FORMIGA DA ROÇA,3ª ETAPA,179.8
2022,GRUPO ESPECIAL,PAIXÃO CANGAÇO,3ª ETAPA,179.9
2022,GRUPO ESPECIAL,ARROXA O NÓ,3ª ETAPA,178.6
2022,GRUPO ESPECIAL,SABUGO DE MILHO,3ª ETAPA,179.8
2022,GRUPO ESPECIAL,RASGA O FOLE,3ª ETAPA,178.6
2022,GRUPO ESPECIAL,RIBULIÇO,3ª ETAPA,178.6
2022,GRUPO ESPECIAL,ARRAIÁ DOS MATUTOS,3ª ETAPA,178.9
2022,GRUPO ESPECIAL,AMOR JUNINO,3ª ETAPA,179.4
2022,GRUPO ESPECIAL,SANFONA LASCADA,3ª ETAPA,179.4
2022,GRUPO ESPECIAL,XAMEGAR,3ª ETAPA,178.8
2022,GRUPO ESPECIAL,XÉM NHEM NHÉM,3ª ETAPA,179.0
2022,GRUPO ESPECIAL,PULA FOGUEIRA,3ª ETAPA,177.2
2022,GRUPO ESPECIAL,XIQUE XIQUE,3ª ETAPA,179.5
2022,GRUPO ESPECIAL,SI BOBIÁ A GENTE PIMBA,4ª ETAPA,180.0
2022,GRUPO ESPECIAL,FORMIGA DA ROÇA,4ª ETAPA,179.9
2022,GRUPO ESPECIAL,PAIXÃO CANGAÇO,4ª ETAPA,180.0
2022,GRUPO ESPECIAL,ARROXA O NÓ,4ª ETAPA,179.7
2022,GRUPO ESPECIAL,SABUGO DE MILHO,4ª ETAPA,179.9
2022,GRUPO ESPECIAL,RASGA O FOLE,4ª ETAPA,178.8
2022,GRUPO ESPECIAL,RIBULIÇO,4ª ETAPA,179.2
2022,GRUPO ESPECIAL,ARRAIÁ DOS MATUTOS,4ª ETAPA,179.0
2022,GRUPO ESPECIAL,AMOR JUNINO,4ª ETAPA,179.8
2022,GRUPO ESPECIAL,SANFONA LASCADA,4ª ETAPA,179.1
2022,GRUPO ESPECIAL,XAMEGAR,4ª ETAPA,179.7
2022,GRUPO ESPECIAL,XÉM NHEM NHÉM,4ª ETAPA,176.6
2022,GRUPO ESPECIAL,PULA FOGUEIRA,4ª ETAPA,178.2
2023,GRUPO ESPECIAL,FORMIGA DA ROÇA,1ª ETAPA,179.4
2023,GRUPO ESPECIAL,ARROXA O NÓ,1ª ETAPA,178.4
2023,GRUPO ESPECIAL,RIBULIÇO,1ª ETAPA,178.9
2023,GRUPO ESPECIAL,SANFONA LASCADA,1ª ETAPA,178.3
2023,GRUPO ESPECIAL,ARRAIÁ DOS MATUTOS,1ª ETAPA,177.60000000000002
2023,GRUPO ESPECIAL,RASGA O FOLE,1ª ETAPA,177.3
2023,GRUPO ESPECIAL,AMOR JUNINO,1ª ETAPA,176.4
2023,GRUPO ESPECIAL,EITA BAGACEIRA,1ª ETAPA,177.4
2023,GRUPO ESPECIAL,XAMEGAR,1ª ETAPA,178.10000000000002
2023,GRUPO ESPECIAL,COISAS DA ROÇA,1ª ETAPA,175.7
2023,GRUPO ESPECIAL,XÉM NHEM NHÉM,1ª ETAPA,177.8
2023,GRUPO ESPECIAL,PINGA EM MIM,1ª ETAPA,176.7
2023,GRUPO ESPECIAL,CHINELO DE COURO,1ª ETAPA,175.39999999999998
2023,GRUPO ESPECIAL,OS CABOCLOS DO SERTÃO,1ª ETAPA,175.20000000000002
2023,GRUPO ESPECIAL,MATINGUEIROS DO SERTÃO,1ª ETAPA,175.7
2023,GRUPO ESPECIAL,FORMIGA DA ROÇA,2ª ETAPA,179.9
2023,GRUPO ESPECIAL,ARROXA O NÓ,2ª ETAPA,179.8
2023,GRUPO ESPECIAL,RIBULIÇO,2ª ETAPA,179.0
2023,GRUPO ESPECIAL,SANFONA LASCADA,2ª ETAPA,177.4
2023,GRUPO ESPECIAL,ARRAIÁ DOS MATUTOS,2ª ETAPA,179.1
2023,GRUPO ESPECIAL,RASGA O FOLE,2ª ETAPA,178.6
2023,GRUPO ESPECIAL,AMOR JUNINO,2ª ETAPA,179.6
2023,GRUPO ESPECIAL,EITA BAGACEIRA,2ª ETAPA,178.5
2023,GRUPO ESPECIAL,XAMEGAR,2ª ETAPA,177.3
2023,GRUPO ESPECIAL,COISAS DA ROÇA,2ª ETAPA,178.1
2023,GRUPO ESPECIAL,XÉM NHEM NHÉM,2ª ETAPA,177.2
2023,GRUPO ESPECIAL,PINGA EM MIM,2ª ETAPA,178.3
2023,GRUPO ESPECIAL,CHINELO DE COURO,2ª ETAPA,176.9
2023,GRUPO ESPECIAL,OS CABOCLOS DO SERTÃO,2ª ETAPA,176.3
2023,GRUPO ESPECIAL,MATINGUEIROS DO SERTÃO,2ª ETAPA,175.7
2023,GRUPO ESPECIAL,FORMIGA DA ROÇA,3ª ETAPA,179.6
2023,GRUPO ESPECIAL,ARROXA O NÓ,3ª ETAPA,180.0
2023,GRUPO ESPECIAL,RIBULIÇO,3ª ETAPA,179.2
2023,GRUPO ESPECIAL,SANFONA LASCADA,3ª ETAPA,179.6
2023,GRUPO ESPECIAL,ARRAIÁ DOS MATUTOS,3ª ETAPA,178.4
2023,GRUPO ESPECIAL,RASGA O FOLE,3ª ETAPA,178.9
2023,GRUPO ESPECIAL,AMOR JUNINO,3ª ETAPA,178.8
2023,GRUPO ESPECIAL,EITA BAGACEIRA,3ª ETAPA,178.7
2023,GRUPO ESPECIAL,XAMEGAR,3ª ETAPA,178.7
2023,GRUPO ESPECIAL,COISAS DA ROÇA,3ª ETAPA,178.9
2023,GRUPO ESPECIAL,XÉM NHEM NHÉM,3ª ETAPA,177.7
2023,GRUPO ESPECIAL,PINGA EM MIM,3ª ETAPA,177.3
2023,GRUPO ESPECIAL,CHINELO DE COURO,3ª ETAPA,178.3
2023,GRUPO ESPECIAL,OS CABOCLOS DO SERTÃO,3ª ETAPA,178.2
2023,GRUPO ESPECIAL,MATINGUEIROS DO SERTÃO,3ª ETAPA,178.1
2024,GRUPO ESPECIAL,ARROXA O NÓ,1ª ETAPA,209.8
2024,GRUPO ESPECIAL,FORMIGA DA ROÇA,1ª ETAPA,209.6
2024,GRUPO ESPECIAL,RIBULIÇO,1ª ETAPA,209.1
2024,GRUPO ESPECIAL,XAMEGAR,1ª ETAPA,207.7
2024,GRUPO ESPECIAL,MALA VÉIA,1ª ETAPA,208.6
2024,GRUPO ESPECIAL,RASGA O FOLE,1ª ETAPA,206.2
2024,GRUPO ESPECIAL,CAIPIRADA,1ª ETAPA,205.6
2024,GRUPO ESPECIAL,EITA BAGACEIRA,1ª ETAPA,206.3
2024,GRUPO ESPECIAL,AMOR JUNINO,1ª ETAPA,204.0
2024,GRUPO ESPECIAL,ARRAIÁ DOS MATUTOS,1ª ETAPA,206.9
2024,GRUPO ESPECIAL,PINGA EM MIM,1ª ETAPA,207.7
2024,GRUPO ESPECIAL,COISAS DA ROÇA,1ª ETAPA,205.1
2024,GRUPO ESPECIAL,FORNALHA,1ª ETAPA,204.6
2024,GRUPO ESPECIAL,XIQUE XIQUE,1ª ETAPA,203.7
2024,GRUPO ESPECIAL,XÉM NHEM NHÉM,1ª ETAPA,203.0
2024,GRUPO ESPECIAL,ARROXA O NÓ,2ª ETAPA,209.9
2024,GRUPO ESPECIAL,FORMIGA DA ROÇA,2ª ETAPA,209.5
2024,GRUPO ESPECIAL,RIBULIÇO,2ª ETAPA,208.5
2024,GRUPO ESPECIAL,XAMEGAR,2ª ETAPA,207.9
2024,GRUPO ESPECIAL,MALA VÉIA,2ª ETAPA,207.1
2024,GRUPO ESPECIAL,RASGA O FOLE,2ª ETAPA,207.6
2024,GRUPO ESPECIAL,CAIPIRADA,2ª ETAPA,208.2
2024,GRUPO ESPECIAL,EITA BAGACEIRA,2ª ETAPA,207.6
2024,GRUPO ESPECIAL,AMOR JUNINO,2ª ETAPA,208.8
2024,GRUPO ESPECIAL,ARRAIÁ DOS MATUTOS,2ª ETAPA,207.7
2024,GRUPO ESPECIAL,PINGA EM MIM,2ª ETAPA,206.8
2024,GRUPO ESPECIAL,COISAS DA ROÇA,2ª ETAPA,208.1
2024,GRUPO ESPECIAL,FORNALHA,2ª ETAPA,206.9
2024,GRUPO ESPECIAL,XIQUE XIQUE,2ª ETAPA,206.0
2024,GRUPO ESPECIAL,XÉM NHEM NHÉM,2ª ETAPA,206.7
2024,GRUPO ESPECIAL,ARROXA O NÓ,3ª ETAPA,209.8
2024,GRUPO ESPECIAL,FORMIGA DA ROÇA,3ª ETAPA,210.0
2024,GRUPO ESPECIAL,RIBULIÇO,3ª ETAPA,209.9
2024,GRUPO ESPECIAL,XAMEGAR,3ª ETAPA,209.2
2024,GRUPO ESPECIAL,MALA VÉIA,3ª ETAPA,208.6
2024,GRUPO ESPECIAL,RASGA O FOLE,3ª ETAPA,209.0
2024,GRUPO ESPECIAL,CAIPIRADA,3ª ETAPA,208.5
2024,GRUPO ESPECIAL,EITA BAGACEIRA,3ª ETAPA,207.9
2024,GRUPO ESPECIAL,AMOR JUNINO,3ª ETAPA,208.8
2024,GRUPO ESPECIAL,ARRAIÁ DOS MATUTOS,3ª ETAPA,208.4
2024,GRUPO ESPECIAL,PINGA EM MIM,3ª ETAPA,208.3
2024,GRUPO ESPECIAL,COISAS DA ROÇA,3ª ETAPA,208.7
2024,GRUPO ESPECIAL,FORNALHA,3ª ETAPA,207.7
2024,GRUPO ESPECIAL,XIQUE XIQUE,3ª ETAPA,206.5
2024,GRUPO ESPECIAL,XÉM NHEM NHÉM,3ª ETAPA,204.7
2024,GRUPO ESPECIAL,ARROXA O NÓ,4ª ETAPA,209.6
2024,GRUPO ESPECIAL,FORMIGA DA ROÇA,4ª ETAPA,210.0
2024,GRUPO ESPECIAL,RIBULIÇO,4ª ETAPA,209.4
2024,GRUPO ESPECIAL,XAMEGAR,4ª ETAPA,209.1
2024,GRUPO ESPECIAL,MALA VÉIA,4ª ETAPA,207.6
2024,GRUPO ESPECIAL,RASGA O FOLE,4ª ETAPA,209.0
2024,GRUPO ESPECIAL,CAIPIRADA,4ª ETAPA,209.1
2024,GRUPO ESPECIAL,EITA BAGACEIRA,4ª ETAPA,209.1
2024,GRUPO ESPECIAL,AMOR JUNINO,4ª ETAPA,209.2
2024,GRUPO ESPECIAL,ARRAIÁ DOS MATUTOS,4ª ETAPA,207.2
2024,GRUPO ESPECIAL,PINGA EM MIM,4ª ETAPA,207.1
2024,GRUPO ESPECIAL,COISAS DA ROÇA,4ª ETAPA,207.7
2024,GRUPO ESPECIAL,FORNALHA,4ª ETAPA,207.2
2024,GRUPO ESPECIAL,XIQUE XIQUE,4ª ETAPA,205.9
2024,GRUPO ESPECIAL,XÉM NHEM NHÉM,4ª ETAPA,203.2
2025,GRUPO ESPECIAL,ARROXA O NÓ,1ª ETAPA,209.6
2025,GRUPO ESPECIAL,FORMIGA DA ROÇA,1ª ETAPA,209.9
2025,GRUPO ESPECIAL,RIBULIÇO,1ª ETAPA,208.9
2025,GRUPO ESPECIAL,RASGA O FOLE,1ª ETAPA,209.1
2025,GRUPO ESPECIAL,CAIPIRADA,1ª ETAPA,209.1
2025,GRUPO ESPECIAL,PINGA EM MIM,1ª ETAPA,208.6
2025,GRUPO ESPECIAL,XAMEGAR,1ª ETAPA,209.0
2025,GRUPO ESPECIAL,VAI MAS NÃO VAI,1ª ETAPA,208.3
2025,GRUPO ESPECIAL,AMOR JUNINO,1ª ETAPA,208.6
2025,GRUPO ESPECIAL,MALA VÉIA,1ª ETAPA,209.2
2025,GRUPO ESPECIAL,EITA BAGACEIRA,1ª ETAPA,207.7
2025,GRUPO ESPECIAL,ARRAIÁ DOS MATUTOS,1ª ETAPA,207.1
2025,GRUPO ESPECIAL,ESPALHA BRASA,1ª ETAPA,206.8
2025,GRUPO ESPECIAL,COISAS DA ROÇA,1ª ETAPA,206.5
2025,GRUPO ESPECIAL,TICO TICO NO FUBÁ,1ª ETAPA,206.3
2025,GRUPO ESPECIAL,ARROXA O NÓ,2ª ETAPA,209.9
2025,GRUPO ESPECIAL,FORMIGA DA ROÇA,2ª ETAPA,209.9
2025,GRUPO ESPECIAL,RIBULIÇO,2ª ETAPA,209.9
2025,GRUPO ESPECIAL,RASGA O FOLE,2ª ETAPA,209.7
2025,GRUPO ESPECIAL,CAIPIRADA,2ª ETAPA,209.1
2025,GRUPO ESPECIAL,PINGA EM MIM,2ª ETAPA,208.7
2025,GRUPO ESPECIAL,XAMEGAR,2ª ETAPA,209.3
2025,GRUPO ESPECIAL,VAI MAS NÃO VAI,2ª ETAPA,208.9
2025,GRUPO ESPECIAL,AMOR JUNINO,2ª ETAPA,209.7
2025,GRUPO ESPECIAL,MALA VÉIA,2ª ETAPA,208.9
2025,GRUPO ESPECIAL,EITA BAGACEIRA,2ª ETAPA,209.0
2025,GRUPO ESPECIAL,ARRAIÁ DOS MATUTOS,2ª ETAPA,208.3
2025,GRUPO ESPECIAL,ESPALHA BRASA,2ª ETAPA,208.5
2025,GRUPO ESPECIAL,COISAS DA ROÇA,2ª ETAPA,209.1
2025,GRUPO ESPECIAL,TICO TICO NO FUBÁ,2ª ETAPA,208.0
2025,GRUPO ESPECIAL,ARROXA O NÓ,3ª ETAPA,209.7
2025,GRUPO ESPECIAL,FORMIGA DA ROÇA,3ª ETAPA,209.4
2025,GRUPO ESPECIAL,RIBULIÇO,3ª ETAPA,209.6
2025,GRUPO ESPECIAL,RASGA O FOLE,3ª ETAPA,208.9
2025,GRUPO ESPECIAL,CAIPIRADA,3ª ETAPA,209.2
2025,GRUPO ESPECIAL,PINGA EM MIM,3ª ETAPA,209.4
2025,GRUPO ESPECIAL,XAMEGAR,3ª ETAPA,207.7
2025,GRUPO ESPECIAL,VAI MAS NÃO VAI,3ª ETAPA,208.6
2025,GRUPO ESPECIAL,AMOR JUNINO,3ª ETAPA,207.3
2025,GRUPO ESPECIAL,MALA VÉIA,3ª ETAPA,207.1
2025,GRUPO ESPECIAL,EITA BAGACEIRA,3ª ETAPA,207.0
2025,GRUPO ESPECIAL,ARRAIÁ DOS MATUTOS,3ª ETAPA,206.9
2025,GRUPO ESPECIAL,ESPALHA BRASA,3ª ETAPA,207.0
2025,GRUPO ESPECIAL,COISAS DA ROÇA,3ª ETAPA,206.3
2025,GRUPO ESPECIAL,TICO TICO NO FUBÁ,3ª ETAPA,206.2
